{
  "Logistic Regression": {
    "test_acc": 0.5278,
    "cv_acc": 0.5722,
    "precision": 0.5361,
    "recall": 0.5278,
    "f1": 0.5192,
    "cm": [
      [
        6,
        0,
        0,
        0,
        1
      ],
      [
        1,
        3,
        1,
        3,
        2
      ],
      [
        1,
        0,
        2,
        1,
        0
      ],
      [
        2,
        0,
        1,
        1,
        0
      ],
      [
        0,
        3,
        1,
        0,
        7
      ]
    ],
    "report": {
      "AI/ML Engineer": {
        "precision": 0.6,
        "recall": 0.8571428571428571,
        "f1-score": 0.7058823529411765,
        "support": 7.0
      },
      "Backend Engineer": {
        "precision": 0.5,
        "recall": 0.3,
        "f1-score": 0.375,
        "support": 10.0
      },
      "Cybersecurity": {
        "precision": 0.4,
        "recall": 0.5,
        "f1-score": 0.4444444444444444,
        "support": 4.0
      },
      "Data Scientist": {
        "precision": 0.2,
        "recall": 0.25,
        "f1-score": 0.2222222222222222,
        "support": 4.0
      },
      "Frontend/UI-UX": {
        "precision": 0.7,
        "recall": 0.6363636363636364,
        "f1-score": 0.6666666666666666,
        "support": 11.0
      },
      "accuracy": 0.5277777777777778,
      "macro avg": {
        "precision": 0.48,
        "recall": 0.5087012987012987,
        "f1-score": 0.4828431372549019,
        "support": 36.0
      },
      "weighted avg": {
        "precision": 0.536111111111111,
        "recall": 0.5277777777777778,
        "f1-score": 0.5191993464052288,
        "support": 36.0
      }
    }
  },
  "Decision Tree": {
    "test_acc": 0.8333,
    "cv_acc": 0.8278,
    "precision": 0.8444,
    "recall": 0.8333,
    "f1": 0.8369,
    "cm": [
      [
        6,
        0,
        0,
        1,
        0
      ],
      [
        0,
        9,
        1,
        0,
        0
      ],
      [
        0,
        0,
        2,
        1,
        1
      ],
      [
        0,
        0,
        1,
        3,
        0
      ],
      [
        0,
        1,
        0,
        0,
        10
      ]
    ],
    "report": {
      "AI/ML Engineer": {
        "precision": 1.0,
        "recall": 0.8571428571428571,
        "f1-score": 0.9230769230769231,
        "support": 7.0
      },
      "Backend Engineer": {
        "precision": 0.9,
        "recall": 0.9,
        "f1-score": 0.9,
        "support": 10.0
      },
      "Cybersecurity": {
        "precision": 0.5,
        "recall": 0.5,
        "f1-score": 0.5,
        "support": 4.0
      },
      "Data Scientist": {
        "precision": 0.6,
        "recall": 0.75,
        "f1-score": 0.6666666666666666,
        "support": 4.0
      },
      "Frontend/UI-UX": {
        "precision": 0.9090909090909091,
        "recall": 0.9090909090909091,
        "f1-score": 0.9090909090909091,
        "support": 11.0
      },
      "accuracy": 0.8333333333333334,
      "macro avg": {
        "precision": 0.7818181818181819,
        "recall": 0.7832467532467533,
        "f1-score": 0.7797668997668998,
        "support": 36.0
      },
      "weighted avg": {
        "precision": 0.8444444444444444,
        "recall": 0.8333333333333334,
        "f1-score": 0.8368945868945868,
        "support": 36.0
      }
    }
  },
  "Random Forest": {
    "test_acc": 0.8056,
    "cv_acc": 0.8444,
    "precision": 0.8315,
    "recall": 0.8056,
    "f1": 0.8055,
    "cm": [
      [
        6,
        0,
        0,
        0,
        1
      ],
      [
        0,
        10,
        0,
        0,
        0
      ],
      [
        0,
        1,
        2,
        0,
        1
      ],
      [
        0,
        0,
        2,
        2,
        0
      ],
      [
        0,
        1,
        1,
        0,
        9
      ]
    ],
    "report": {
      "AI/ML Engineer": {
        "precision": 1.0,
        "recall": 0.8571428571428571,
        "f1-score": 0.9230769230769231,
        "support": 7.0
      },
      "Backend Engineer": {
        "precision": 0.8333333333333334,
        "recall": 1.0,
        "f1-score": 0.9090909090909091,
        "support": 10.0
      },
      "Cybersecurity": {
        "precision": 0.4,
        "recall": 0.5,
        "f1-score": 0.4444444444444444,
        "support": 4.0
      },
      "Data Scientist": {
        "precision": 1.0,
        "recall": 0.5,
        "f1-score": 0.6666666666666666,
        "support": 4.0
      },
      "Frontend/UI-UX": {
        "precision": 0.8181818181818182,
        "recall": 0.8181818181818182,
        "f1-score": 0.8181818181818182,
        "support": 11.0
      },
      "accuracy": 0.8055555555555556,
      "macro avg": {
        "precision": 0.8103030303030303,
        "recall": 0.7350649350649351,
        "f1-score": 0.7522921522921522,
        "support": 36.0
      },
      "weighted avg": {
        "precision": 0.8314814814814815,
        "recall": 0.8055555555555556,
        "f1-score": 0.8054692221358888,
        "support": 36.0
      }
    }
  },
  "SVM": {
    "test_acc": 0.5556,
    "cv_acc": 0.6611,
    "precision": 0.5313,
    "recall": 0.5556,
    "f1": 0.5108,
    "cm": [
      [
        6,
        0,
        0,
        0,
        1
      ],
      [
        0,
        9,
        0,
        1,
        0
      ],
      [
        1,
        2,
        0,
        1,
        0
      ],
      [
        2,
        1,
        1,
        0,
        0
      ],
      [
        0,
        5,
        1,
        0,
        5
      ]
    ],
    "report": {
      "AI/ML Engineer": {
        "precision": 0.6666666666666666,
        "recall": 0.8571428571428571,
        "f1-score": 0.75,
        "support": 7.0
      },
      "Backend Engineer": {
        "precision": 0.5294117647058824,
        "recall": 0.9,
        "f1-score": 0.6666666666666666,
        "support": 10.0
      },
      "Cybersecurity": {
        "precision": 0.0,
        "recall": 0.0,
        "f1-score": 0.0,
        "support": 4.0
      },
      "Data Scientist": {
        "precision": 0.0,
        "recall": 0.0,
        "f1-score": 0.0,
        "support": 4.0
      },
      "Frontend/UI-UX": {
        "precision": 0.8333333333333334,
        "recall": 0.45454545454545453,
        "f1-score": 0.5882352941176471,
        "support": 11.0
      },
      "accuracy": 0.5555555555555556,
      "macro avg": {
        "precision": 0.40588235294117647,
        "recall": 0.44233766233766236,
        "f1-score": 0.40098039215686276,
        "support": 36.0
      },
      "weighted avg": {
        "precision": 0.5313180827886711,
        "recall": 0.5555555555555556,
        "f1-score": 0.5107570806100218,
        "support": 36.0
      }
    }
  }
}