{
  "Logistic Regression": {
    "test_acc": 0.8182,
    "cv_acc": 0.8524,
    "precision": 0.8311,
    "recall": 0.8182,
    "f1": 0.8161,
    "cm": [
      [
        3,
        0,
        0,
        2,
        0
      ],
      [
        0,
        3,
        1,
        0,
        0
      ],
      [
        0,
        0,
        4,
        0,
        0
      ],
      [
        1,
        0,
        0,
        4,
        0
      ],
      [
        0,
        0,
        0,
        0,
        4
      ]
    ],
    "report": {
      "AI/ML Engineer": {
        "precision": 0.75,
        "recall": 0.6,
        "f1-score": 0.6666666666666666,
        "support": 5.0
      },
      "Backend Engineer": {
        "precision": 1.0,
        "recall": 0.75,
        "f1-score": 0.8571428571428571,
        "support": 4.0
      },
      "Cybersecurity": {
        "precision": 0.8,
        "recall": 1.0,
        "f1-score": 0.8888888888888888,
        "support": 4.0
      },
      "Data Scientist": {
        "precision": 0.6666666666666666,
        "recall": 0.8,
        "f1-score": 0.7272727272727273,
        "support": 5.0
      },
      "Frontend/UI-UX": {
        "precision": 1.0,
        "recall": 1.0,
        "f1-score": 1.0,
        "support": 4.0
      },
      "accuracy": 0.8181818181818182,
      "macro avg": {
        "precision": 0.8433333333333334,
        "recall": 0.8300000000000001,
        "f1-score": 0.827994227994228,
        "support": 22.0
      },
      "weighted avg": {
        "precision": 0.8310606060606059,
        "recall": 0.8181818181818182,
        "f1-score": 0.8160829069919978,
        "support": 22.0
      }
    }
  },
  "Decision Tree": {
    "test_acc": 0.8182,
    "cv_acc": 0.7065,
    "precision": 0.8333,
    "recall": 0.8182,
    "f1": 0.8211,
    "cm": [
      [
        4,
        0,
        0,
        1,
        0
      ],
      [
        0,
        3,
        1,
        0,
        0
      ],
      [
        0,
        0,
        3,
        1,
        0
      ],
      [
        1,
        0,
        0,
        4,
        0
      ],
      [
        0,
        0,
        0,
        0,
        4
      ]
    ],
    "report": {
      "AI/ML Engineer": {
        "precision": 0.8,
        "recall": 0.8,
        "f1-score": 0.8,
        "support": 5.0
      },
      "Backend Engineer": {
        "precision": 1.0,
        "recall": 0.75,
        "f1-score": 0.8571428571428571,
        "support": 4.0
      },
      "Cybersecurity": {
        "precision": 0.75,
        "recall": 0.75,
        "f1-score": 0.75,
        "support": 4.0
      },
      "Data Scientist": {
        "precision": 0.6666666666666666,
        "recall": 0.8,
        "f1-score": 0.7272727272727273,
        "support": 5.0
      },
      "Frontend/UI-UX": {
        "precision": 1.0,
        "recall": 1.0,
        "f1-score": 1.0,
        "support": 4.0
      },
      "accuracy": 0.8181818181818182,
      "macro avg": {
        "precision": 0.8433333333333334,
        "recall": 0.82,
        "f1-score": 0.8268831168831168,
        "support": 22.0
      },
      "weighted avg": {
        "precision": 0.8333333333333333,
        "recall": 0.8181818181818182,
        "f1-score": 0.8211334120425029,
        "support": 22.0
      }
    }
  },
  "Random Forest": {
    "test_acc": 0.7727,
    "cv_acc": 0.8342,
    "precision": 0.7727,
    "recall": 0.7727,
    "f1": 0.7692,
    "cm": [
      [
        4,
        0,
        0,
        1,
        0
      ],
      [
        0,
        3,
        1,
        0,
        0
      ],
      [
        1,
        1,
        2,
        0,
        0
      ],
      [
        1,
        0,
        0,
        4,
        0
      ],
      [
        0,
        0,
        0,
        0,
        4
      ]
    ],
    "report": {
      "AI/ML Engineer": {
        "precision": 0.6666666666666666,
        "recall": 0.8,
        "f1-score": 0.7272727272727273,
        "support": 5.0
      },
      "Backend Engineer": {
        "precision": 0.75,
        "recall": 0.75,
        "f1-score": 0.75,
        "support": 4.0
      },
      "Cybersecurity": {
        "precision": 0.6666666666666666,
        "recall": 0.5,
        "f1-score": 0.5714285714285714,
        "support": 4.0
      },
      "Data Scientist": {
        "precision": 0.8,
        "recall": 0.8,
        "f1-score": 0.8,
        "support": 5.0
      },
      "Frontend/UI-UX": {
        "precision": 1.0,
        "recall": 1.0,
        "f1-score": 1.0,
        "support": 4.0
      },
      "accuracy": 0.7727272727272727,
      "macro avg": {
        "precision": 0.7766666666666666,
        "recall": 0.7699999999999999,
        "f1-score": 0.7697402597402597,
        "support": 22.0
      },
      "weighted avg": {
        "precision": 0.7727272727272727,
        "recall": 0.7727272727272727,
        "f1-score": 0.7691853600944509,
        "support": 22.0
      }
    }
  },
  "SVM": {
    "test_acc": 0.8182,
    "cv_acc": 0.8519,
    "precision": 0.8333,
    "recall": 0.8182,
    "f1": 0.8211,
    "cm": [
      [
        4,
        0,
        0,
        1,
        0
      ],
      [
        0,
        3,
        1,
        0,
        0
      ],
      [
        1,
        0,
        3,
        0,
        0
      ],
      [
        1,
        0,
        0,
        4,
        0
      ],
      [
        0,
        0,
        0,
        0,
        4
      ]
    ],
    "report": {
      "AI/ML Engineer": {
        "precision": 0.6666666666666666,
        "recall": 0.8,
        "f1-score": 0.7272727272727273,
        "support": 5.0
      },
      "Backend Engineer": {
        "precision": 1.0,
        "recall": 0.75,
        "f1-score": 0.8571428571428571,
        "support": 4.0
      },
      "Cybersecurity": {
        "precision": 0.75,
        "recall": 0.75,
        "f1-score": 0.75,
        "support": 4.0
      },
      "Data Scientist": {
        "precision": 0.8,
        "recall": 0.8,
        "f1-score": 0.8,
        "support": 5.0
      },
      "Frontend/UI-UX": {
        "precision": 1.0,
        "recall": 1.0,
        "f1-score": 1.0,
        "support": 4.0
      },
      "accuracy": 0.8181818181818182,
      "macro avg": {
        "precision": 0.8433333333333334,
        "recall": 0.82,
        "f1-score": 0.8268831168831168,
        "support": 22.0
      },
      "weighted avg": {
        "precision": 0.8333333333333333,
        "recall": 0.8181818181818182,
        "f1-score": 0.8211334120425029,
        "support": 22.0
      }
    }
  }
}